name,prediction
Ανεξαρτητοι (εκτος κομματος),1
Ανεξαρτητοι δημοκρατικοι βουλευτες,2
Ανεξαρτητοι ελληνες - πανος καμμενος,1
Ανεξαρτητοι ελληνες εθνικη πατριωτικη δημοκρατικη συμμαχια,2
Αντιπολιτευση,3
Βουλη,2
Δημοκρατικη ανανεωση,1
Δημοκρατικη αριστερα,0
Δημοκρατικη συμπαραταξη (πανελληνιο σοσιαλιστικο κινημα - δημοκρατικη αριστερα),3
Δημοκρατικο κοινωνικο κινημα,4
Ελληνικη λυση - κυριακος βελοπουλος,1
Ενωση κεντρωων,4
Εξωκοινοβουλευτικός,1
Κινημα αλλαγης,3
Κομμουνιστικο κομμα ελλαδας,3
Λαικη ενοτητα,2
Λαικος ορθοδοξος συναγερμος,1
Λαικος συνδεσμος - χρυση αυγη,2
Μετωπο ευρωπαικης ρεαλιστικης ανυπακοης (μερα25),3
Νεα δημοκρατια,3
Οικολογοι εναλλακτικοι (ομοσπονδια οικολογικων εναλλακτικων οργανωσεων),1
Πανελληνιο σοσιαλιστικο κινημα,1
Πολιτικη ανοιξη,2
Συνασπισμος ριζοσπαστικης αριστερας,1
Συνασπισμος της αριστερας των κινηματων και της οικολογιας,0
Το ποταμι,0
